행정구역,2026년06월_총인구수,2026년06월_세대수,2026년06월_세대당 인구,2026년06월_남자 인구수,2026년06월_여자 인구수,2026년06월_남여 비율
대전광역시  (3000000000),"1,442,034","704,570",2.05,"718,127","723,907",0.99
대전광역시 동구 (3011000000),"218,251","113,795",1.92,"109,888","108,363",1.01
대전광역시 동구 중앙동(3011051500),"3,218","2,376",1.35,"1,834","1,384",1.33
대전광역시 동구 효동(3011053000),"29,279","12,083",2.42,"14,438","14,841",0.97
대전광역시 동구 신인동(3011054500),"14,621","6,849",2.13,"7,101","7,520",0.94
대전광역시 동구 판암1동(3011055100),"11,527","6,055",1.9,"5,499","6,028",0.91
대전광역시 동구 판암2동(3011055200),"7,567","5,132",1.47,"3,646","3,921",0.93
대전광역시 동구 용운동(3011056000),"20,743","10,749",1.93,"10,493","10,250",1.02
대전광역시 동구 대동(3011058500),"13,274","5,918",2.24,"6,605","6,669",0.99
대전광역시 동구 자양동(3011059000),"10,864","7,509",1.45,"5,740","5,124",1.12
대전광역시 동구 가양1동(3011062000),"12,660","6,929",1.83,"6,618","6,042",1.1
대전광역시 동구 가양2동(3011063000),"18,064","9,967",1.81,"9,084","8,980",1.01
대전광역시 동구 용전동(3011064000),"19,551","12,008",1.63,"10,127","9,424",1.07
대전광역시 동구 성남동(3011066500),"10,244","5,092",2.01,"5,042","5,202",0.97
대전광역시 동구 홍도동(3011067000),"10,766","6,285",1.71,"5,534","5,232",1.06
대전광역시 동구 삼성동(3011069500),"12,999","6,548",1.99,"6,567","6,432",1.02
대전광역시 동구 대청동(3011072500),"2,067","1,141",1.81,"1,087",980,1.11
대전광역시 동구 산내동(3011074000),"20,807","9,154",2.27,"10,473","10,334",1.01
대전광역시 중구 (3014000000),"224,273","109,893",2.04,"109,505","114,768",0.95
대전광역시 중구 은행선화동(3014053500),"24,127","12,189",1.98,"12,105","12,022",1.01
대전광역시 중구 목동(3014055000),"17,246","6,253",2.76,"8,157","9,089",0.9
대전광역시 중구 중촌동(3014056000),"14,885","7,316",2.03,"7,232","7,653",0.94
대전광역시 중구 대흥동(3014057500),"11,997","7,035",1.71,"5,834","6,163",0.95
대전광역시 중구 문창동(3014060500),"4,024","2,473",1.63,"2,084","1,940",1.07
대전광역시 중구 석교동(3014062000),"13,394","7,291",1.84,"6,772","6,622",1.02
대전광역시 중구 대사동(3014063000),"5,135","3,243",1.58,"2,464","2,671",0.92
대전광역시 중구 부사동(3014064000),"5,800","3,190",1.82,"2,944","2,856",1.03
대전광역시 중구 용두동(3014065500),"9,774","5,474",1.79,"4,761","5,013",0.95
대전광역시 중구 오류동(3014067000),"9,757","4,923",1.98,"4,542","5,215",0.87
대전광역시 중구 태평1동(3014068000),"11,965","5,086",2.35,"5,725","6,240",0.92
대전광역시 중구 태평2동(3014069000),"23,110","9,329",2.48,"10,952","12,158",0.9
대전광역시 중구 유천1동(3014070000),"5,721","3,343",1.71,"2,893","2,828",1.02
대전광역시 중구 유천2동(3014071000),"12,302","6,299",1.95,"6,033","6,269",0.96
대전광역시 중구 문화1동(3014072000),"20,069","8,397",2.39,"9,625","10,444",0.92
대전광역시 중구 문화2동(3014073000),"10,855","5,774",1.88,"5,197","5,658",0.92
대전광역시 중구 산성동(3014074000),"24,112","12,278",1.96,"12,185","11,927",1.02
대전광역시 서구 (3017000000),"464,359","224,912",2.06,"227,413","236,946",0.96
대전광역시 서구 복수동(3017051000),"20,306","8,663",2.34,"10,042","10,264",0.98
대전광역시 서구 도마1동(3017052000),"17,842","9,677",1.84,"8,917","8,925",1
대전광역시 서구 도마2동(3017053000),"20,020","9,825",2.04,"9,960","10,060",0.99
대전광역시 서구 정림동(3017053500),"15,145","7,022",2.16,"7,256","7,889",0.92
대전광역시 서구 변동(3017054000),"12,095","6,373",1.9,"6,086","6,009",1.01
대전광역시 서구 용문동(3017055000),"19,204","10,172",1.89,"9,323","9,881",0.94
대전광역시 서구 탄방동(3017055500),"31,199","16,923",1.84,"15,105","16,094",0.94
대전광역시 서구 괴정동(3017056000),"18,138","11,811",1.54,"8,858","9,280",0.95
대전광역시 서구 가장동(3017057000),"10,238","4,713",2.17,"4,902","5,336",0.92
대전광역시 서구 내동(3017057500),"21,411","9,453",2.26,"10,188","11,223",0.91
대전광역시 서구 갈마1동(3017058100),"20,566","12,047",1.71,"10,416","10,150",1.03
대전광역시 서구 갈마2동(3017058200),"22,992","13,550",1.7,"11,562","11,430",1.01
대전광역시 서구 월평1동(3017058600),"11,017","7,728",1.43,"6,035","4,982",1.21
대전광역시 서구 월평2동(3017058700),"13,158","6,821",1.93,"6,237","6,921",0.9
대전광역시 서구 월평3동(3017058800),"19,545","7,596",2.57,"9,513","10,032",0.95
대전광역시 서구 가수원동(3017059000),"9,837","4,767",2.06,"4,840","4,997",0.97
대전광역시 서구 도안동(3017059300),"36,465","14,346",2.54,"17,851","18,614",0.96
대전광역시 서구 관저1동(3017059600),"14,336","6,776",2.12,"6,678","7,658",0.87
대전광역시 서구 관저2동(3017059700),"46,929","19,760",2.37,"22,731","24,198",0.94
대전광역시 서구 기성동(3017060000),"3,192","1,812",1.76,"1,656","1,536",1.08
대전광역시 서구 둔산1동(3017063000),"16,268","5,701",2.85,"8,031","8,237",0.97
대전광역시 서구 둔산2동(3017064000),"34,065","15,240",2.24,"16,280","17,785",0.92
대전광역시 서구 만년동(3017065000),"11,852","6,226",1.9,"6,077","5,775",1.05
대전광역시 서구 둔산3동(3017066000),"18,539","7,910",2.34,"8,869","9,670",0.92
대전광역시 유성구 (3020000000),"371,104","174,839",2.12,"188,103","183,001",1.03
대전광역시 유성구 진잠동(3020052000),"24,808","12,135",2.04,"12,551","12,257",1.02
대전광역시 유성구 학하동(3020052600),"21,421","10,263",2.09,"11,170","10,251",1.09
대전광역시 유성구 상대동(3020052700),"25,066","9,302",2.69,"12,159","12,907",0.94
대전광역시 유성구 온천1동(3020053000),"26,676","18,701",1.43,"13,928","12,748",1.09
대전광역시 유성구 온천2동(3020054000),"40,814","23,052",1.77,"21,516","19,298",1.11
대전광역시 유성구 노은1동(3020054600),"20,564","8,844",2.33,"10,268","10,296",1
대전광역시 유성구 노은2동(3020054700),"22,953","9,625",2.38,"11,266","11,687",0.96
대전광역시 유성구 노은3동(3020054800),"35,321","14,134",2.5,"17,262","18,059",0.96
대전광역시 유성구 신성동(3020055000),"25,320","12,691",2,"13,347","11,973",1.11
대전광역시 유성구 전민동(3020057000),"25,343","11,323",2.24,"13,042","12,301",1.06
대전광역시 유성구 구즉동(3020058000),"32,500","15,341",2.12,"16,737","15,763",1.06
대전광역시 유성구 관평동(3020060000),"37,759","14,656",2.58,"19,316","18,443",1.05
대전광역시 유성구 원신흥동(3020061000),"32,559","14,772",2.2,"15,541","17,018",0.91
대전광역시 대덕구 (3023000000),"164,047","81,131",2.02,"83,218","80,829",1.03
대전광역시 대덕구 오정동(3023051000),"13,000","7,424",1.75,"6,785","6,215",1.09
대전광역시 대덕구 대화동(3023052000),"5,206","2,785",1.87,"2,719","2,487",1.09
대전광역시 대덕구 회덕동(3023052500),"11,989","5,897",2.03,"6,089","5,900",1.03
대전광역시 대덕구 비래동(3023053300),"14,192","6,812",2.08,"6,948","7,244",0.96
대전광역시 대덕구 송촌동(3023054300),"26,650","11,074",2.41,"13,214","13,436",0.98
대전광역시 대덕구 중리동(3023054600),"17,394","10,225",1.7,"9,156","8,238",1.11
대전광역시 대덕구 신탄진동(3023055000),"15,844","7,881",2.01,"8,130","7,714",1.05
대전광역시 대덕구 석봉동(3023056000),"15,622","6,666",2.34,"7,999","7,623",1.05
대전광역시 대덕구 덕암동(3023057000),"12,203","6,587",1.85,"6,524","5,679",1.15
대전광역시 대덕구 목상동(3023058000),"5,751","3,133",1.84,"3,187","2,564",1.24
대전광역시 대덕구 법1동(3023060000),"12,018","5,966",2.01,"5,618","6,400",0.88
대전광역시 대덕구 법2동(3023061000),"14,178","6,681",2.12,"6,849","7,329",0.93
,,,,,,
